<?xml version="1.0" encoding="UTF-8"?>

<mime-info xmlns="http://www.freedesktop.org/standards/shared-mime-info">

  <mime-type type="application/x-iso9660-appimage">
    <_comment>AppImage application bundle (Type 1)</_comment>
    <sub-class-of type="application/x-executable"/>
    <sub-class-of type="application/x-iso9660-image"/>
    <generic-icon name="application-x-executable"/>
    <magic priority="100">
      <match value="ELF" type="string" offset="1" >
        <match value="0x41" type="byte" offset="8">
          <match value="0x49" type="byte" offset="9">
            <match value="0x01" type="byte" offset="10"/>
          </match>
        </match>
      </match>
    </magic>
    <glob pattern="*.appimage"/>
    <glob pattern="*.AppImage"/>
  </mime-type>

  <mime-type type="application/vnd.appimage">
    <_comment>AppImage application bundle (Type 2)</_comment>
    <sub-class-of type="application/x-executable"/>
    <sub-class-of type="application/vnd.squashfs"/>
    <generic-icon name="application-x-executable"/>
    <magic priority="100">
      <match value="ELF" type="string" offset="1" >
        <match value="0x41" type="byte" offset="8">
          <match value="0x49" type="byte" offset="9">
            <match value="0x02" type="byte" offset="10"/>
          </match>
        </match>
      </match>
    </magic>
    <glob pattern="*.appimage"/>
    <glob pattern="*.AppImage"/>
  </mime-type>

</mime-info>
